kernel,m,n,k,ms,gflops,max_rel_err_vs_cublas
cublas,512,512,512,0.0348,7710.1,0
week2_tiled,512,512,512,0.1751,1533.0,9.04e-07
week3_regblock,512,512,512,0.1300,2064.1,9.04e-07
cublas,1024,1024,1024,0.1659,12947.9,0
week2_tiled,1024,1024,1024,1.3548,1585.1,1.53e-06
week3_regblock,1024,1024,1024,0.5151,4169.3,1.53e-06
cublas,2048,2048,2048,1.2165,14122.2,0
week2_tiled,2048,2048,2048,11.1329,1543.2,2.08e-06
week3_regblock,2048,2048,2048,4.2138,4077.1,2.08e-06
cublas,4096,4096,4096,10.9926,12502.8,0
week2_tiled,4096,4096,4096,125.0140,1099.4,0.00e+00
week3_regblock,4096,4096,4096,41.5037,3311.5,0.00e+00
cublas,8192,8192,8192,95.5689,11504.9,0
week2_tiled,8192,8192,8192,1040.6022,1056.6,0.00e+00
week3_regblock,8192,8192,8192,349.5752,3145.3,0.00e+00
