kernel,pass,N,d,ms,tflops,max_abs_err,err_detail
sdpa_fp32,fwd,512,64,0.0981,0.684,,
sdpa_fp32,bwd,512,64,0.2470,0.679,,
sdpa_fp32,fwd,1024,64,0.1558,1.723,,
sdpa_fp32,bwd,1024,64,0.3040,2.208,,
sdpa_fp32,fwd,2048,64,0.2816,3.813,,
sdpa_fp32,bwd,2048,64,0.5857,4.583,,
sdpa_fp32,fwd,4096,64,0.7678,5.594,,
sdpa_fp32,bwd,4096,64,2.3164,4.635,,
sdpa_fp32,fwd,8192,64,2.9615,5.801,,
sdpa_fp32,bwd,8192,64,7.4056,5.800,,
sdpa_fp32,fwd,16384,64,10.6639,6.444,,
sdpa_fp32,bwd,16384,64,26.4653,6.491,,
sdpa_fp16,fwd,512,64,0.0573,1.170,,
sdpa_fp16,bwd,512,64,0.1640,1.023,,
sdpa_fp16,fwd,1024,64,0.0563,4.766,,
sdpa_fp16,bwd,1024,64,0.1544,4.347,,
sdpa_fp16,fwd,2048,64,0.0574,18.693,,
sdpa_fp16,bwd,2048,64,0.1996,13.450,,
sdpa_fp16,fwd,4096,64,0.1167,36.792,,
sdpa_fp16,bwd,4096,64,0.2476,43.358,,
sdpa_fp16,fwd,8192,64,0.3860,44.502,,
sdpa_fp16,bwd,8192,64,1.0168,42.241,,
sdpa_fp16,fwd,16384,64,1.3896,49.454,,
sdpa_fp16,bwd,16384,64,3.5195,48.814,,
